	INSERT INTO rally.equipo VALUES ('team1', 1, 1);
	INSERT INTO rally.equipo VALUES ('team2', 0, 0);
	INSERT INTO rally.equipo VALUES ('team3', 1, 1);
	INSERT INTO rally.equipo VALUES ('team4', 0, 0);
	INSERT INTO rally.equipo VALUES ('team5', 0, 0);
	INSERT INTO rally.equipo VALUES ('team6', 1, 1);
	INSERT INTO rally.equipo VALUES ('team7', 1, 1);
	INSERT INTO rally.equipo VALUES ('team8', 0, 0);
	INSERT INTO rally.equipo VALUES ('team9', 1, 1);
	INSERT INTO rally.equipo VALUES ('team10', 0, 0);
	INSERT INTO rally.equipo VALUES ('team11', 0, 0);
	INSERT INTO rally.equipo VALUES ('team12', 1, 1);
	INSERT INTO rally.equipo VALUES ('team13', 1, 1);
	INSERT INTO rally.equipo VALUES ('team14', 0, 0);
	INSERT INTO rally.equipo VALUES ('team15', 1, 1);
	INSERT INTO rally.equipo VALUES ('team16', 0, 0);
	INSERT INTO rally.equipo VALUES ('team17', 0, 0);
	INSERT INTO rally.equipo VALUES ('team18', 1, 1);
	INSERT INTO rally.equipo VALUES ('team19', 1, 1);
	INSERT INTO rally.equipo VALUES ('team20', 0, 0);

	INSERT INTO rally.modelo_marca VALUES ('Focus', 'Ford');
	INSERT INTO rally.modelo_marca VALUES ('Polo R', 'Volkswagen');
	INSERT INTO rally.modelo_marca VALUES ('C4', 'Citroen');
	INSERT INTO rally.modelo_marca VALUES ('Impreza', 'Subaru');
	INSERT INTO rally.modelo_marca VALUES ('Xsara', 'Citroen');
	INSERT INTO rally.modelo_marca VALUES ('DS3', 'Citroen');
	INSERT INTO rally.modelo_marca VALUES ('206', 'Peugeot');
	INSERT INTO rally.modelo_marca VALUES ('Fiesta RS', 'Ford');
	INSERT INTO rally.modelo_marca VALUES ('Fiesta', 'Ford');
	INSERT INTO rally.modelo_marca VALUES ('Corolla', 'Toyota');
	INSERT INTO rally.modelo_marca VALUES ('307', 'Peugeot');
	INSERT INTO rally.modelo_marca VALUES ('i20', 'Hyundai');
	INSERT INTO rally.modelo_marca VALUES ('i20 Coupe', 'Hyundai');
	INSERT INTO rally.modelo_marca VALUES ('Escort', 'Ford');
	INSERT INTO rally.modelo_marca VALUES ('Yaris', 'Toyota');
	INSERT INTO rally.modelo_marca VALUES ('C3', 'Citroen');
	INSERT INTO rally.modelo_marca VALUES ('Mustang', 'Ford');
	INSERT INTO rally.modelo_marca VALUES ('XJS', 'Jaguar');
	INSERT INTO rally.modelo_marca VALUES ('323 GTX', 'Mazda');
	INSERT INTO rally.modelo_marca VALUES ('Sunbeam TI', 'Talbot');

	INSERT INTO rally.competidor VALUES ('19.489.141-6', 'chileno', 'Floyd Lawerence', 'Gibbens', 'Bennet', 'team1');
	INSERT INTO rally.competidor VALUES ('9.821.156-3', 'argentino', 'Shaun Morton', 'Ricklefs', 'Villasenor', 'team1');
	INSERT INTO rally.competidor VALUES ('17.256.656-5', 'aleman', 'Chet Raleigh', 'Shevlin', 'Denbow', 'team3');
	INSERT INTO rally.competidor VALUES ('15.979.807-1', 'vietnamita', 'Eusebio Mohamed', 'Wozniak', 'Corkery', 'team3');
	INSERT INTO rally.competidor VALUES ('8.889.118-5', 'checo', 'Elliot Thaddeus', 'Carnley', 'Burrus', 'team6');
	INSERT INTO rally.competidor VALUES ('10.255.789-5', 'chino', 'Rodger German', 'Breck', 'Komar', 'team6');
	INSERT INTO rally.competidor VALUES ('2.649.460-3', 'chileno', 'Yong Jonathan', 'Morales', 'Landgraf', 'team7');
	INSERT INTO rally.competidor VALUES ('12.702.497-0', 'griego', 'Walton Benito', 'Shabazz', 'Elgin', 'team7');
	INSERT INTO rally.competidor VALUES ('8.116.189-5', 'indio', 'Pat Barrett', 'Dortch', 'Douthitt', 'team9');
	INSERT INTO rally.competidor VALUES ('14.544.705-9', 'frances', 'Arlie Lamont', 'Patch', 'Koning', 'team9');
	INSERT INTO rally.competidor VALUES ('15.269.245-9', 'español', 'Eli Rocky', 'Capers', 'Pedraza', 'team12');
	INSERT INTO rally.competidor VALUES ('8.939.760-9', 'español', 'Huey Dustin', 'Pitter', 'Dombrosky', 'team12');
	INSERT INTO rally.competidor VALUES ('16.616.951-6', 'egipcio', 'Jefferey Sebastian', 'Lepe', 'Klippel', 'team13');
	INSERT INTO rally.competidor VALUES ('1.799.524-0', 'ecuatoriano', 'Xavier Darren', 'Acton', 'Baines', 'team13');
	INSERT INTO rally.competidor VALUES ('12.573.271-6', 'danes', 'Odell Ezekiel', 'Ceniceros', 'Sadler', 'team15');
	INSERT INTO rally.competidor VALUES ('10.537.376-4', 'estadounidense', 'Alva Loyd', 'Steffey', 'Bowman', 'team15');
	INSERT INTO rally.competidor VALUES ('8.367.584-6', 'polaco', 'Leon Wes', 'Grayer', 'Vidrine', 'team18');
	INSERT INTO rally.competidor VALUES ('11.174.735-3', 'peruano', 'Gavin Wilburn', 'Gusman', 'Hemmings', 'team18');
	INSERT INTO rally.competidor VALUES ('17.612.943-3', 'japones', 'Elmer Larry ', 'Fecteau', 'Burditt', 'team19');
	INSERT INTO rally.competidor VALUES ('20.319.226-4', 'italiano', 'Reuben Harold', 'Studer', 'Whitaker', 'team19');

	INSERT INTO rally.piloto VALUES ('15.269.245-9');
	INSERT INTO rally.piloto VALUES ('8.939.760-9');
	INSERT INTO rally.piloto VALUES ('16.616.951-6');
	INSERT INTO rally.piloto VALUES ('1.799.524-0');
	INSERT INTO rally.piloto VALUES ('12.573.271-6');
	INSERT INTO rally.piloto VALUES ('10.537.376-4');
	INSERT INTO rally.piloto VALUES ('8.367.584-6');
	INSERT INTO rally.piloto VALUES ('11.174.735-3');
	INSERT INTO rally.piloto VALUES ('17.612.943-3');
	INSERT INTO rally.piloto VALUES ('20.319.226-4');


	INSERT INTO rally.copiloto VALUES ('19.489.141-6');
	INSERT INTO rally.copiloto VALUES ('9.821.156-3');
	INSERT INTO rally.copiloto VALUES ('17.256.656-5');
	INSERT INTO rally.copiloto VALUES ('15.979.807-1');
	INSERT INTO rally.copiloto VALUES ('8.889.118-5');
	INSERT INTO rally.copiloto VALUES ('10.255.789-5');
	INSERT INTO rally.copiloto VALUES ('2.649.460-3');
	INSERT INTO rally.copiloto VALUES ('12.702.497-0');
	INSERT INTO rally.copiloto VALUES ('8.116.189-5');
	INSERT INTO rally.copiloto VALUES ('14.544.705-9');

	INSERT INTO rally.patrocinador VALUES ('pat1', 'CHILENO');
	INSERT INTO rally.patrocinador VALUES ('pat2');
	INSERT INTO rally.patrocinador VALUES ('pat3', 'argentino');
	INSERT INTO rally.patrocinador VALUES ('pat4', 'checo');
	INSERT INTO rally.patrocinador VALUES ('pat5');
	INSERT INTO rally.patrocinador VALUES ('pat6');
	INSERT INTO rally.patrocinador VALUES ('pat7', 'chino');
	INSERT INTO rally.patrocinador VALUES ('pat8', 'indio');
	INSERT INTO rally.patrocinador VALUES ('pat9', 'frances');
	INSERT INTO rally.patrocinador VALUES ('pat10');
	INSERT INTO rally.patrocinador VALUES ('pat11', 'español');
	INSERT INTO rally.patrocinador VALUES ('pat12', 'ecuatoriano');
	INSERT INTO rally.patrocinador VALUES ('pat13', 'danes');
	INSERT INTO rally.patrocinador VALUES ('pat14', 'estadounidense');
	INSERT INTO rally.patrocinador VALUES ('pat15');
	INSERT INTO rally.patrocinador VALUES ('pat16');
	INSERT INTO rally.patrocinador VALUES ('pat17');
	INSERT INTO rally.patrocinador VALUES ('pat18');
	INSERT INTO rally.patrocinador VALUES ('pat19');
	INSERT INTO rally.patrocinador VALUES ('pat20');


	INSERT INTO rally.automovil VALUES ('NV9413', 'Focus');
	INSERT INTO rally.automovil VALUES ('YF4502', 'Polo R');
	INSERT INTO rally.automovil VALUES ('NA4091', 'C4');
	INSERT INTO rally.automovil VALUES ('WP1574', 'Impreza');
	INSERT INTO rally.automovil VALUES ('QO2402', 'Xsara');
	INSERT INTO rally.automovil VALUES ('YD3880', 'DS3');
	INSERT INTO rally.automovil VALUES ('ZS7607', '206');
	INSERT INTO rally.automovil VALUES ('DX1161', 'Fiesta RS');
	INSERT INTO rally.automovil VALUES ('CL5597', 'Fiesta');
	INSERT INTO rally.automovil VALUES ('BD7436', 'Corolla');
	INSERT INTO rally.automovil VALUES ('VR8025', '307');
	INSERT INTO rally.automovil VALUES ('XY3555', 'i20');
	INSERT INTO rally.automovil VALUES ('GV1356', 'i20 Coupe');
	INSERT INTO rally.automovil VALUES ('JH7030', 'Escort');
	INSERT INTO rally.automovil VALUES ('XE9939', 'Yaris');
	INSERT INTO rally.automovil VALUES ('FV6585', 'C3');
	INSERT INTO rally.automovil VALUES ('AU2844', 'Mustang');
	INSERT INTO rally.automovil VALUES ('MP8024', 'XJS');
	INSERT INTO rally.automovil VALUES ('GZ4647', '323 GTX');
	INSERT INTO rally.automovil VALUES ('AI7067', 'Sunbeam TI');
	INSERT INTO rally.torneo VALUES (1, 'torneo1', 0, 6000);
	INSERT INTO rally.torneo VALUES (2, 'torneo2', 0, 6000);
	INSERT INTO rally.torneo VALUES (3, 'torneo3', 0, 6000);
	INSERT INTO rally.torneo VALUES (4, 'torneo4', 0, 6000);
	INSERT INTO rally.torneo VALUES (5, 'torneo5', 0, 6000);
	INSERT INTO rally.torneo VALUES (6, 'torneo6', 0, 6000);
	INSERT INTO rally.torneo VALUES (7, 'torneo7', 0, 6000);
	INSERT INTO rally.torneo VALUES (8, 'torneo8', 0, 6000);
	INSERT INTO rally.torneo VALUES (9, 'torneo9', 0, 6000);
	INSERT INTO rally.torneo VALUES (10, 'torneo10', 0, 6000);
	INSERT INTO rally.torneo VALUES (11, 'torneo11', 0, 6000);
	INSERT INTO rally.torneo VALUES (12, 'torneo12', 0, 6000);
	INSERT INTO rally.torneo VALUES (13, 'torneo13', 0, 6000);
	INSERT INTO rally.torneo VALUES (14, 'torneo14', 0, 6000);
	INSERT INTO rally.torneo VALUES (15, 'torneo15', 0, 6000);
	INSERT INTO rally.torneo VALUES (16, 'torneo16', 0, 6000);
	INSERT INTO rally.torneo VALUES (17, 'torneo17', 0, 6000);
	INSERT INTO rally.torneo VALUES (18, 'torneo18', 0, 6000);
	INSERT INTO rally.torneo VALUES (19, 'torneo19', 0, 6000);
	INSERT INTO rally.torneo VALUES (20, 'torneo20', 0, 6000);



	INSERT INTO rally.carrera VALUES ('Seattle', 'hielo');
	INSERT INTO rally.carrera VALUES ('Curico', 'barro');
	INSERT INTO rally.carrera VALUES ('Talca', 'gravilla');
	INSERT INTO rally.carrera VALUES ('Tokyo', 'asfalto');
	INSERT INTO rally.carrera VALUES ('Antofagasta', 'gravilla');
	INSERT INTO rally.carrera VALUES ('Pisa', 'barro');
	INSERT INTO rally.carrera VALUES ('Virginia', 'hielo');
	INSERT INTO rally.carrera VALUES ('Saint Louis', 'nieve');
	INSERT INTO rally.carrera VALUES ('Asuncion', 'tierra');
	INSERT INTO rally.carrera VALUES ('Buenos Aires', 'hielo');
	INSERT INTO rally.carrera VALUES ('Rosario', 'hielo');
	INSERT INTO rally.carrera VALUES ('Lima', 'nieve');
	INSERT INTO rally.carrera VALUES ('Mar del Plata', 'barro');
	INSERT INTO rally.carrera VALUES ('Rio', 'nieve');
	INSERT INTO rally.carrera VALUES ('Lisbon', 'nieve');
	INSERT INTO rally.carrera VALUES ('Barcelona', 'gravilla');
	INSERT INTO rally.carrera VALUES ('Madrid', 'hielo');
	INSERT INTO rally.carrera VALUES ('Cairo', 'hielo');
	INSERT INTO rally.carrera VALUES ('Agades', 'barro');
	INSERT INTO rally.carrera VALUES ('Granada', 'asfalto');

	INSERT INTO rally.torneo_carrera VALUES (1, 'Seattle');
	INSERT INTO rally.torneo_carrera VALUES (2, 'Curico');
	INSERT INTO rally.torneo_carrera VALUES (3, 'Talca');
	INSERT INTO rally.torneo_carrera VALUES (4, 'Tokyo');
	INSERT INTO rally.torneo_carrera VALUES (5, 'Antofagasta');
	INSERT INTO rally.torneo_carrera VALUES (6, 'Pisa');
	INSERT INTO rally.torneo_carrera VALUES (7, 'Virginia');
	INSERT INTO rally.torneo_carrera VALUES (8, 'Saint Louis');
	INSERT INTO rally.torneo_carrera VALUES (9, 'Asuncion');
	INSERT INTO rally.torneo_carrera VALUES (10, 'Buenos Aires');
	INSERT INTO rally.torneo_carrera VALUES (11, 'Rosario');
	INSERT INTO rally.torneo_carrera VALUES (12, 'Lima');
	INSERT INTO rally.torneo_carrera VALUES (13, 'Mar del Plata');
	INSERT INTO rally.torneo_carrera VALUES (14, 'Rio');
	INSERT INTO rally.torneo_carrera VALUES (15, 'Lisbon');
	INSERT INTO rally.torneo_carrera VALUES (16, 'Barcelona');
	INSERT INTO rally.torneo_carrera VALUES (17, 'Madrid');
	INSERT INTO rally.torneo_carrera VALUES (18, 'Cairo');
	INSERT INTO rally.torneo_carrera VALUES (19, 'Agades');
	INSERT INTO rally.torneo_carrera VALUES (20, 'Granada');

	INSERT INTO rally.i_automovil VALUES (1, 'NV9413', 2429, '15.269.245-9', '19.489.141-6');
	INSERT INTO rally.i_automovil VALUES (2, 'YF4502', 1593, '8.939.760-9', '9.821.156-3');
	INSERT INTO rally.i_automovil VALUES (3, 'NA4091', 1426, '16.616.951-6', '17.256.656-5');
	INSERT INTO rally.i_automovil VALUES (4, 'WP1574', 1718, '1.799.524-0', '15.979.807-1');
	INSERT INTO rally.i_automovil VALUES (5, 'QO2402', 1074, '12.573.271-6', '8.889.118-5');
	INSERT INTO rally.i_automovil VALUES (6, 'YD3880', 1570, '10.537.376-4', '10.255.789-5');
	INSERT INTO rally.i_automovil VALUES (7, 'ZS7607', 1906, '8.367.584-6', '2.649.460-3');
	INSERT INTO rally.i_automovil VALUES (8, 'DX1161', 1561, '11.174.735-3', '12.702.497-0');
	INSERT INTO rally.i_automovil VALUES (9, 'CL5597', 1567, '17.612.943-3', '8.116.189-5');
	INSERT INTO rally.i_automovil VALUES (10, 'BD7436', 2164, '20.319.226-4', '14.544.705-9');
	INSERT INTO rally.i_automovil VALUES (11, 'VR8025', 1180, '15.269.245-9', '19.489.141-6');
	INSERT INTO rally.i_automovil VALUES (12, 'XY3555', 1001, '8.939.760-9', '9.821.156-3');
	INSERT INTO rally.i_automovil VALUES (13, 'GV1356', 1073, '16.616.951-6', '17.256.656-5');
	INSERT INTO rally.i_automovil VALUES (14, 'JH7030', 2089, '1.799.524-0', '15.979.807-1');
	INSERT INTO rally.i_automovil VALUES (15, 'XE9939', 1130, '12.573.271-6', '8.889.118-5');
	INSERT INTO rally.i_automovil VALUES (16, 'FV6585', 1159, '10.537.376-4', '10.255.789-5');
	INSERT INTO rally.i_automovil VALUES (17, 'AU2844', 2328, '8.367.584-6', '2.649.460-3');
	INSERT INTO rally.i_automovil VALUES (18, 'MP8024', 2048, '11.174.735-3', '12.702.497-0');
	INSERT INTO rally.i_automovil VALUES (19, 'GZ4647', 1176, '17.612.943-3', '8.116.189-5');
	INSERT INTO rally.i_automovil VALUES (20, 'AI7067', 1511, '20.319.226-4', '14.544.705-9');

	INSERT INTO rally.i_torneo VALUES (1, 1, '2017-8-1', '2017-8-2', 465, 1);
	INSERT INTO rally.i_torneo VALUES (2, 2, '2017-6-5', '2017-6-6', 700, 1);
	INSERT INTO rally.i_torneo VALUES (3, 3, '2017-1-2', '2017-1-3', 17, 1);
	INSERT INTO rally.i_torneo VALUES (4, 4, '2017-8-9', '2017-8-10', 742, 1);
	INSERT INTO rally.i_torneo VALUES (5, 5, '2017-4-4', '2017-4-5', 820, 1);
	INSERT INTO rally.i_torneo VALUES (6, 6, '2017-2-6', '2017-2-7', 213, 1);
	INSERT INTO rally.i_torneo VALUES (7, 7, '2017-5-3', '2017-5-4', 128, 1);
	INSERT INTO rally.i_torneo VALUES (8, 8, '2017-11-19', '2017-11-20', 712, 1);
	INSERT INTO rally.i_torneo VALUES (9, 9, '2017-7-12', '2017-7-13', 168, 1);
	INSERT INTO rally.i_torneo VALUES (10, 10, '2017-6-25', '2017-6-26', 812, 1);
	INSERT INTO rally.i_torneo VALUES (11, 11, '2017-10-19', '2017-10-29', 241, 1);
	INSERT INTO rally.i_torneo VALUES (12, 12, '2017-9-18', '2017-9-28', 38, 1);
	INSERT INTO rally.i_torneo VALUES (13, 13, '2017-2-27', '2017-2-28', 402, 1);
	INSERT INTO rally.i_torneo VALUES (14, 14, '2017-1-24', '2017-1-26', 442, 1);
	INSERT INTO rally.i_torneo VALUES (15, 15, '2017-9-18', '2017-9-19', 365, 1);
	INSERT INTO rally.i_torneo VALUES (16, 16, '2017-3-5', '2017-3-7', 202, 1);
	INSERT INTO rally.i_torneo VALUES (17, 17, '2017-3-7', '2017-3-9', 183, 1);
	INSERT INTO rally.i_torneo VALUES (18, 18, '2017-11-19', '2017-11-20', 984, 1);
	INSERT INTO rally.i_torneo VALUES (19, 19, '2017-10-14', '2017-10-24', 903, 1);
	INSERT INTO rally.i_torneo VALUES (20, 20, '2017-2-8', '2017-2-9', 232, 1);

	INSERT INTO rally.i_carrera VALUES (1, 'Seattle', '2017-8-1', 0, 5000, 1); 
	INSERT INTO rally.i_carrera VALUES (2, 'Curico', '2017-6-5', 0, 5000, 2);
	INSERT INTO rally.i_carrera VALUES (3, 'Talca', '2017-1-2', 0, 5000, 3);
	INSERT INTO rally.i_carrera VALUES (4, 'Tokyo', '2017-8-9', 0, 5000, 4);
	INSERT INTO rally.i_carrera VALUES (5, 'Antofagasta', '2017-4-4', 0, 5000, 5);
	INSERT INTO rally.i_carrera VALUES (6, 'Pisa', '2017-2-6', 0, 5000, 6);
	INSERT INTO rally.i_carrera VALUES (7, 'Virginia', '2017-5-3', 0, 5000, 7);
	INSERT INTO rally.i_carrera VALUES (8, 'Saint Louis', '2017-11-19', 0, 5000, 8);
	INSERT INTO rally.i_carrera VALUES (9, 'Asuncion', '2017-7-12', 0, 5000, 9);
	INSERT INTO rally.i_carrera VALUES (10, 'Buenos Aires', '2017-6-25', 0, 5000, 10);
	INSERT INTO rally.i_carrera VALUES (11, 'Rosario', '2017-10-19', 0, 5000, 11);
	INSERT INTO rally.i_carrera VALUES (12, 'Lima', '2017-9-18', 0, 5000, 12);
	INSERT INTO rally.i_carrera VALUES (13, 'Mar del Plata', '2017-2-27', 0, 5000, 13);
	INSERT INTO rally.i_carrera VALUES (14, 'Rio', '2017-1-24', 0, 5000, 14);
	INSERT INTO rally.i_carrera VALUES (15, 'Lisbon', '2017-9-18', 0, 5000, 15);
	INSERT INTO rally.i_carrera VALUES (16, 'Barcelona', '2017-3-5', 0, 5000, 16);
	INSERT INTO rally.i_carrera VALUES (17, 'Madrid', '2017-3-7', 0, 5000, 17);
	INSERT INTO rally.i_carrera VALUES (18, 'Cairo', '2017-11-19', 0, 5000, 18);
	INSERT INTO rally.i_carrera VALUES (19, 'Agades', '2017-10-14', 0, 5000, 19);
	INSERT INTO rally.i_carrera VALUES (20, 'Granada', '2017-2-8', 0, 5000, 20);



	INSERT INTO rally.auspicia_equipo VALUES ('team1', 'pat1', 5430);
	INSERT INTO rally.auspicia_equipo VALUES ('team1', 'pat2', 3240);
	INSERT INTO rally.auspicia_equipo VALUES ('team4', 'pat3', 100);
	INSERT INTO rally.auspicia_equipo VALUES ('team2', 'pat6', 3100);
	INSERT INTO rally.auspicia_equipo VALUES ('team10', 'pat15', 65100);
	INSERT INTO rally.auspicia_equipo VALUES ('team8', 'pat6', 6100);
	INSERT INTO rally.auspicia_equipo VALUES ('team13', 'pat19', 50);
	INSERT INTO rally.auspicia_equipo VALUES ('team20', 'pat4', 8100);
	INSERT INTO rally.auspicia_equipo VALUES ('team17', 'pat16', 5100);
	INSERT INTO rally.auspicia_equipo VALUES ('team16', 'pat1', 600);
	INSERT INTO rally.auspicia_equipo VALUES ('team9', 'pat3', 3200);
	INSERT INTO rally.auspicia_equipo VALUES ('team12', 'pat11', 9600);
	INSERT INTO rally.auspicia_equipo VALUES ('team19', 'pat11', 2156);
	INSERT INTO rally.auspicia_equipo VALUES ('team7', 'pat18', 10);
	INSERT INTO rally.auspicia_equipo VALUES ('team14', 'pat8', 98465);
	INSERT INTO rally.auspicia_equipo VALUES ('team4', 'pat20', 1356);
	INSERT INTO rally.auspicia_equipo VALUES ('team12', 'pat5', 824);
	INSERT INTO rally.auspicia_equipo VALUES ('team10', 'pat10', 3851);
	INSERT INTO rally.auspicia_equipo VALUES ('team6', 'pat17', 694);
	INSERT INTO rally.auspicia_equipo VALUES ('team5', 'pat7', 95);

	INSERT INTO rally.auspicia_i_torneo VALUES ('pat1', 1, 543);
	INSERT INTO rally.auspicia_i_torneo VALUES ('pat2', 2, 324);
	INSERT INTO rally.auspicia_i_torneo VALUES ('pat3', 3, 100);
	INSERT INTO rally.auspicia_i_torneo VALUES ('pat6', 4, 310);
	INSERT INTO rally.auspicia_i_torneo VALUES ('pat15', 5, 65);
	INSERT INTO rally.auspicia_i_torneo VALUES ('pat6', 6, 610);
	INSERT INTO rally.auspicia_i_torneo VALUES ('pat19', 7, 50);
	INSERT INTO rally.auspicia_i_torneo VALUES ('pat4', 8, 810);
	INSERT INTO rally.auspicia_i_torneo VALUES ('pat16', 9, 51);
	INSERT INTO rally.auspicia_i_torneo VALUES ('pat1', 10, 600);
	INSERT INTO rally.auspicia_i_torneo VALUES ('pat3', 11, 320);
	INSERT INTO rally.auspicia_i_torneo VALUES ('pat11', 12, 96);
	INSERT INTO rally.auspicia_i_torneo VALUES ('pat11', 13, 21);
	INSERT INTO rally.auspicia_i_torneo VALUES ('pat18', 14, 10);
	INSERT INTO rally.auspicia_i_torneo VALUES ('pat8', 15, 984);
	INSERT INTO rally.auspicia_i_torneo VALUES ('pat20', 16, 13);
	INSERT INTO rally.auspicia_i_torneo VALUES ('pat5', 17, 824);
	INSERT INTO rally.auspicia_i_torneo VALUES ('pat10', 18, 38);
	INSERT INTO rally.auspicia_i_torneo VALUES ('pat17', 19, 69);
	INSERT INTO rally.auspicia_i_torneo VALUES ('pat7', 20, 95);


	INSERT INTO rally.resultado VALUES ('13:14:02', 87);
	INSERT INTO rally.resultado VALUES ('03:37:38', 97);
	INSERT INTO rally.resultado VALUES ('17:18:21', 83);
	INSERT INTO rally.resultado VALUES ('23:29:27', 77);
	INSERT INTO rally.resultado VALUES ('18:58:22', 82);
	INSERT INTO rally.resultado VALUES ('06:31:39', 94);
	INSERT INTO rally.resultado VALUES ('02:48:04', 98);
	INSERT INTO rally.resultado VALUES ('03:05:34', 97);
	INSERT INTO rally.resultado VALUES ('12:51:13', 88);
	INSERT INTO rally.resultado VALUES ('08:42:50', 92);
	INSERT INTO rally.resultado VALUES ('01:12:25', 99);
	INSERT INTO rally.resultado VALUES ('10:00:13', 90);
	INSERT INTO rally.resultado VALUES ('14:27:13', 86);
	INSERT INTO rally.resultado VALUES ('14:42:42', 86);
	INSERT INTO rally.resultado VALUES ('03:27:13', 97);
	INSERT INTO rally.resultado VALUES ('11:30:47', 89);
	INSERT INTO rally.resultado VALUES ('03:59:56', 97);
	INSERT INTO rally.resultado VALUES ('02:20:12', 98);
	INSERT INTO rally.resultado VALUES ('00:05:02', 100);
	INSERT INTO rally.resultado VALUES ('03:33:45', 97);



	INSERT INTO rally.corre_i_automovil VALUES (1, 1, '13:14:02');
	INSERT INTO rally.corre_i_automovil VALUES (2, 2, '03:37:38');
	INSERT INTO rally.corre_i_automovil VALUES (3, 3, '17:18:21');
	INSERT INTO rally.corre_i_automovil VALUES (4, 4, '23:29:27');
	INSERT INTO rally.corre_i_automovil VALUES (5, 5, '18:58:22');
	INSERT INTO rally.corre_i_automovil VALUES (6, 6, '06:31:39');
	INSERT INTO rally.corre_i_automovil VALUES (7, 7, '02:48:04');
	INSERT INTO rally.corre_i_automovil VALUES (8, 8, '03:05:34');
	INSERT INTO rally.corre_i_automovil VALUES (9, 9, '12:51:13');
	INSERT INTO rally.corre_i_automovil VALUES (10, 10, '08:42:50');
	INSERT INTO rally.corre_i_automovil VALUES (11, 11, '01:12:25');
	INSERT INTO rally.corre_i_automovil VALUES (12, 12, '10:00:13');
	INSERT INTO rally.corre_i_automovil VALUES (13, 13, '14:27:13');
	INSERT INTO rally.corre_i_automovil VALUES (14, 14, '14:42:42');
	INSERT INTO rally.corre_i_automovil VALUES (15, 15, '03:27:13');
	INSERT INTO rally.corre_i_automovil VALUES (16, 16, '11:30:47');
	INSERT INTO rally.corre_i_automovil VALUES (17, 17, '03:59:56');
	INSERT INTO rally.corre_i_automovil VALUES (18, 18, '02:20:12');
	INSERT INTO rally.corre_i_automovil VALUES (19, 19, '00:05:02');
	INSERT INTO rally.corre_i_automovil VALUES (20, 20, '03:33:45');



	INSERT INTO rally.equipo_automovil VALUES ('NV9413', 'team1');
	INSERT INTO rally.equipo_automovil VALUES ('YF4502', 'team3');
	INSERT INTO rally.equipo_automovil VALUES ('NA4091', 'team6');
	INSERT INTO rally.equipo_automovil VALUES ('WP1574', 'team7');
	INSERT INTO rally.equipo_automovil VALUES ('QO2402', 'team9');
	INSERT INTO rally.equipo_automovil VALUES ('YD3880', 'team12');
	INSERT INTO rally.equipo_automovil VALUES ('ZS7607', 'team13');
	INSERT INTO rally.equipo_automovil VALUES ('DX1161', 'team15');
	INSERT INTO rally.equipo_automovil VALUES ('CL5597', 'team18');
	INSERT INTO rally.equipo_automovil VALUES ('BD7436', 'team19');
	INSERT INTO rally.equipo_automovil VALUES ('VR8025', 'team1');
	INSERT INTO rally.equipo_automovil VALUES ('XY3555', 'team3');
	INSERT INTO rally.equipo_automovil VALUES ('GV1356', 'team6');
	INSERT INTO rally.equipo_automovil VALUES ('JH7030', 'team7');
	INSERT INTO rally.equipo_automovil VALUES ('XE9939', 'team9');
	INSERT INTO rally.equipo_automovil VALUES ('FV6585', 'team12');
	INSERT INTO rally.equipo_automovil VALUES ('AU2844', 'team13');
	INSERT INTO rally.equipo_automovil VALUES ('MP8024', 'team15');
	INSERT INTO rally.equipo_automovil VALUES ('GZ4647', 'team18');
	INSERT INTO rally.equipo_automovil VALUES ('AI7067', 'team19');





	INSERT INTO rally.participa_equipo VALUES ('team1', 1);
	INSERT INTO rally.participa_equipo VALUES ('team2', 2);
	INSERT INTO rally.participa_equipo VALUES ('team3', 3);
	INSERT INTO rally.participa_equipo VALUES ('team4', 4);
	INSERT INTO rally.participa_equipo VALUES ('team5', 5);
	INSERT INTO rally.participa_equipo VALUES ('team6', 6);
	INSERT INTO rally.participa_equipo VALUES ('team7', 7);
	INSERT INTO rally.participa_equipo VALUES ('team8', 8);
	INSERT INTO rally.participa_equipo VALUES ('team9', 9);
	INSERT INTO rally.participa_equipo VALUES ('team10', 10);
	INSERT INTO rally.participa_equipo VALUES ('team11', 11);
	INSERT INTO rally.participa_equipo VALUES ('team12', 12);
	INSERT INTO rally.participa_equipo VALUES ('team13', 13);
	INSERT INTO rally.participa_equipo VALUES ('team14', 14);
	INSERT INTO rally.participa_equipo VALUES ('team15', 15);
	INSERT INTO rally.participa_equipo VALUES ('team16', 16);
	INSERT INTO rally.participa_equipo VALUES ('team17', 17);
	INSERT INTO rally.participa_equipo VALUES ('team18', 18);
	INSERT INTO rally.participa_equipo VALUES ('team19', 19);
	INSERT INTO rally.participa_equipo VALUES ('team20', 20);

	INSERT INTO rally.patrocinador_direccion VALUES ('pat1', 'Seattle');
	INSERT INTO rally.patrocinador_direccion VALUES ('pat2', 'Curico');
	INSERT INTO rally.patrocinador_direccion VALUES ('pat3', 'Talca');
	INSERT INTO rally.patrocinador_direccion VALUES ('pat4', 'Tokyo');
	INSERT INTO rally.patrocinador_direccion VALUES ('pat5', 'Antofagasta');
	INSERT INTO rally.patrocinador_direccion VALUES ('pat6', 'Pisa');
	INSERT INTO rally.patrocinador_direccion VALUES ('pat7', 'Virginia');
	INSERT INTO rally.patrocinador_direccion VALUES ('pat8', 'Saint Louis');
	INSERT INTO rally.patrocinador_direccion VALUES ('pat9', 'Asuncion');
	INSERT INTO rally.patrocinador_direccion VALUES ('pat10', 'Buenos Aires');
	INSERT INTO rally.patrocinador_direccion VALUES ('pat11', 'Rosario');
	INSERT INTO rally.patrocinador_direccion VALUES ('pat12', 'Lima');
	INSERT INTO rally.patrocinador_direccion VALUES ('pat13', 'Mar del Plata');
	INSERT INTO rally.patrocinador_direccion VALUES ('pat14', 'Rio');
	INSERT INTO rally.patrocinador_direccion VALUES ('pat15', 'Lisbon');
	INSERT INTO rally.patrocinador_direccion VALUES ('pat16', 'Barcelona');
	INSERT INTO rally.patrocinador_direccion VALUES ('pat17', 'Madrid');
	INSERT INTO rally.patrocinador_direccion VALUES ('pat18', 'Cairo');
	INSERT INTO rally.patrocinador_direccion VALUES ('pat19', 'Agades');
	INSERT INTO rally.patrocinador_direccion VALUES ('pat20', 'Granada');




